occupation,probabilidad
Exec-managerial,0.4779750164365549
Prof-specialty,0.4512729041673423
Armed-Forces,0.3333333333333333
Protective-serv,0.3133265513733469
Tech-support,0.2906574394463668
